{
	"이승만": {
		"plus": {
			"value": 9,
			"count": 5
		},
		"minus": {
			"value": 0,
			"count": 0
		},
		"unknown": {
			"value": 0,
			"count": 489
		},
		"result": 1.8
	},
	"박정희": {
		"plus": {
			"value": 14,
			"count": 9
		},
		"minus": {
			"value": -16,
			"count": 8
		},
		"unknown": {
			"value": 0,
			"count": 539
		},
		"result": -0.12
	},
	"전두환": {
		"plus": {
			"value": 1,
			"count": 1
		},
		"minus": {
			"value": -1,
			"count": 1
		},
		"unknown": {
			"value": 0,
			"count": 440
		},
		"result": 0.0
	},
	"노태우": {
		"plus": {
			"value": 5,
			"count": 4
		},
		"minus": {
			"value": -3,
			"count": 2
		},
		"unknown": {
			"value": 0,
			"count": 558
		},
		"result": 0.33
	},
	"김영삼": {
		"plus": {
			"value": 6,
			"count": 5
		},
		"minus": {
			"value": -5,
			"count": 4
		},
		"unknown": {
			"value": 0,
			"count": 580
		},
		"result": 0.11
	},
	"김대중": {
		"plus": {
			"value": 6,
			"count": 3
		},
		"minus": {
			"value": -7,
			"count": 5
		},
		"unknown": {
			"value": 0,
			"count": 462
		},
		"result": -0.12
	},
	"노무현": {
		"plus": {
			"value": 2,
			"count": 1
		},
		"minus": {
			"value": -4,
			"count": 3
		},
		"unknown": {
			"value": 0,
			"count": 507
		},
		"result": -0.5
	},
	"이명박": {
		"plus": {
			"value": 1,
			"count": 1
		},
		"minus": {
			"value": -1,
			"count": 1
		},
		"unknown": {
			"value": 0,
			"count": 427
		},
		"result": 0.0
	},
	"박근혜": {
		"plus": {
			"value": 2,
			"count": 2
		},
		"minus": {
			"value": -8,
			"count": 4
		},
		"unknown": {
			"value": 0,
			"count": 612
		},
		"result": -1.0
	},
	"문재인": {
		"plus": {
			"value": 3,
			"count": 3
		},
		"minus": {
			"value": -1,
			"count": 1
		},
		"unknown": {
			"value": 0,
			"count": 346
		},
		"result": 0.5
	},
	"작성일": "2019-05-16"
}